timestamp,lat,lon,heading,in_eca,sulphur,so2_co2,compliance,vessel_name,signature
2025-06-24T05:54:47.734632+00:00,49.91080383333333,6.546286666666667,0.0,FALSE,0.5554,24.0,Non Compliant,MSC NORA,e3d7759c8e902e12be9fb0fd6b7f9c055a20d6aef4ba3c793a29931c017d3d91
2025-06-24T06:04:48.362517+00:00,52.823155666666665,3.625353,151.06,TRUE,0.5554,24.0,Non Compliant,MSC NORA,d2eb07f0744bda92163dd0e8b2307cbde8e8d34f6af9d87685e3da819d37a147
2025-06-24T06:11:50.628301+00:00,52.7926865,3.6532928333333334,0.0,TRUE,0.5554,24.0,Non Compliant,MSC NORA,801160790995a1ae77bce28ea09773a8de2bb1c2269e6d2a638d540dccb61e2d
2025-06-24T06:18:10.532954+00:00,52.765127166666666,3.6785476666666668,0.0,TRUE,0.5554,24.0,Non Compliant,MSC NORA,4c3cf2447c8eea6163a600376ddbb0c7a3bf658a1e7b44efcb6d81b2d7f24cdf
2025-06-24T06:28:10.947911+00:00,52.72165316666667,3.718353666666667,151.03,TRUE,0.5554,24.0,Non Compliant,MSC NORA,3078c5454d93f85d4b7e40cc2a08ed6bea9cdc864ef9188cbb1503ca1e0e53fe
2025-06-24T06:32:12.651141+00:00,52.7043215,3.734212,0.0,TRUE,0.5554,24.0,Non Compliant,MSC NORA,ff98eb74eed893e6f17ed92c3879937aa5a9d0f17fd4680da5ea7b89409a868d
2025-06-24T06:42:13.286513+00:00,52.66067416666667,3.774121,151.0,TRUE,0.1,4.0,Compliant,MSC NORA,1dede3778a1f3651a581e337529b9dfa7d5982e16cb391b70602d006f3b71d50
2025-06-24T06:52:14.236042+00:00,52.61718316666666,3.8138475,151.03,TRUE,0.1,4.0,Compliant,MSC NORA,fa490bceab881b2c4550413eb2c2af04896d8bc4b75d44ee30c3a6dc0792e93a
2025-06-24T07:02:15.076451+00:00,52.573692333333334,3.853534333333333,151.0,TRUE,0.1,4.0,Compliant,MSC NORA,fa69f88fab90c17aa45976db26b3c9687c8b66ad1dc03a4ce8d123710e956ffb
2025-06-24T07:12:16.046373+00:00,52.068307,4.343134,151.0,TRUE,0.5554,24.0,Non Compliant,MSC NORA,05e7f7f091ef08874f78ed28db683c9e67cfae34ed644ee25588506d1b9e678b
2025-06-24T07:22:17.007635+00:00,52.37460183333334,4.254806333333334,329.94,TRUE,0.5554,24.0,Non Compliant,MSC NORA,f7c2ea552859ca6dfc6fdb2070197ec3995bf5e6b07f0b7b22f297df875449d1
2025-06-24T07:32:17.977777+00:00,52.39370266666667,4.236738666666667,329.97,TRUE,0.1,3.0,Compliant,MSC NORA,c2311d258285139b602ea3dface39f19921f1ff724afe33cce3c54ed53a0d502
2025-06-24T07:42:18.949082+00:00,52.41280283333333,4.218663833333333,329.98,TRUE,0.1,3.0,Compliant,MSC NORA,734a090a2cb400cf8fb4569111808bdbade4a1cc00740e7de0d38ab3bfdff6af
2025-06-24T08:03:05.927337+00:00,52.417992166666664,4.213751666666667,330.14,TRUE,0.1,3.0,Compliant,MSC NORA,ddca8336bc1c11d3c71fd9d87f0481e40abe89a6090ecdd33caff6878edfc3da
2025-06-24T08:04:28.129359+00:00,52.4552655,4.178435166666667,0.0,TRUE,0.1,3.0,Compliant,MSC NORA,1fa8cbf98b6684812b970c9ee3d49ad416073f036f422b29bcef7690ff571ee1
2025-06-24T08:14:28.925996+00:00,52.805528333333335,3.8669681666666667,149.99,TRUE,0.1,1.0,Compliant,MSC NORA,b573fdb7776f6d5a0528d7da511b8599fe4472effee3664f2fbd693c44609b3b
2025-06-24T08:24:28.928821+00:00,52.686186666666664,3.9807896666666664,150.0,TRUE,0.1,1.0,Compliant,MSC NORA,7251ede70c4d88feb8314633f18c92845cb8fa68c756c81c0fff7633da822e08
2025-06-24T08:34:29.928630+00:00,52.566585833333335,4.094546666666667,150.0,TRUE,0.1,1.0,Compliant,MSC NORA,e9a36054b4f4268a196bfe599947dafd37593251cf56b094af78462969463605
2025-06-24T08:44:29.930964+00:00,52.44719666666667,4.207793333333333,150.01,TRUE,0.1,1.0,Compliant,MSC NORA,1fce53384acfea266ebe81a63a965d532bb9c12e0eb6a3f09d830378f78780be
2025-06-24T08:54:29.931418+00:00,52.32781666666666,4.320724833333333,149.99,TRUE,0.1,1.0,Compliant,MSC NORA,30c6c07fc6e44a52815fce595e81d395f2221f422eff64a82479a1626c64f609
2025-06-24T09:04:30.922654+00:00,52.208208,4.4335675,150.0,TRUE,0.1,1.0,Compliant,MSC NORA,8af9a46bbbbff014aabdb7f702873d724e1e845db9ef05ccbe33d7de803b0127
2025-06-24T09:14:30.929311+00:00,52.088815833333335,4.545903333333333,150.0,FALSE,0.1,1.0,Compliant,MSC NORA,0e86d593dd2ea1a12d01e83a5bd755de6df6071d5d3031ee1ca33d53fff4a059
2025-06-24T09:24:31.931125+00:00,51.96925983333333,4.6580925,149.99,FALSE,0.1,1.0,Compliant,MSC NORA,a427d7b4a1f727c0feeca18831692166add8aa41e5227919176e6db0af31cb1e
2025-06-24T09:34:31.931076+00:00,51.849867333333336,4.7698298333333335,150.01,FALSE,0.1,1.0,Compliant,MSC NORA,f726eed3628f9651ecb60004964a1d82df698edc1b293621fac02e23a73c1e81
2025-06-24T09:44:31.933241+00:00,51.73042316666667,4.8813195,150.0,FALSE,0.1,1.0,Compliant,MSC NORA,61c238b3346ca6acf02e2326f23a41f20cd4be9503e4bbab5f32b64ca4779a14
2025-06-24T09:54:32.928189+00:00,51.61077983333333,4.9927,150.0,FALSE,0.1,1.0,Compliant,MSC NORA,0386e4d897c4124951c974ec9c56a73ed2f0e94992023e67b32bd431f138bc6c
2025-06-24T10:04:32.933089+00:00,51.491333833333336,5.1036045,149.99,FALSE,0.1,1.0,Compliant,MSC NORA,b7a27b1155f9c426b5a17b0a479d812adc599cf6609583c3070fff309d734502
2025-06-24T10:14:33.928591+00:00,51.371693,5.214398833333333,149.98,FALSE,0.1,1.0,Compliant,MSC NORA,e86be31befa5640e7d2c1437d93845133385f2e8514062da42a2c37c3d4276c9
2025-06-24T10:24:34.884042+00:00,52.25531,3.321915833333333,150.01,FALSE,0.1,1.0,Compliant,MSC NORA,e429a414504b38393c43962818ebf9dcbc527d06bb36ebeaf748793e3880540a
2025-06-24T10:34:35.888494+00:00,52.135734166666666,3.4345433333333335,150.03,FALSE,0.1,1.0,Compliant,MSC NORA,3464c0f2a4ebd220c05a77113df4fd232a0ce38768d7a87038968b4b08b40c31
2025-06-24T10:44:36.876901+00:00,52.016141,3.5468853333333334,150.01,TRUE,0.1,1.0,Compliant,MSC NORA,1a4c3aabd675d00334014c9f8a36620fdc35046919d93d406717122dddc4215c
2025-06-24T10:54:36.877546+00:00,51.89670866666667,3.6587768333333335,150.01,FALSE,0.1,1.0,Compliant,MSC NORA,faa2a5131f6b3104fd4f9035ee6e326815ee3767b7283c7fa0b7b7b4c4f449ac
2025-06-24T11:04:37.878786+00:00,51.7770665,3.7705671666666665,149.99,FALSE,0.1,1.0,Compliant,MSC NORA,6a12c8f37b87cc1c37812d56640c3686dd818870b86dd441d1bce174bccf64b6
2025-06-24T11:14:38.879345+00:00,51.65741416666667,3.8820708333333336,150.0,FALSE,0.1,1.0,Compliant,MSC NORA,7574716cbaec8774a5287e9b5cdc348e08a4457ba3210f1e8f91497b0bbeaa8a
2025-06-24T11:24:39.869015+00:00,51.537766500000004,3.993276333333333,150.0,FALSE,0.1,1.0,Compliant,MSC NORA,6f54970d613ec5a3d85a0e4ad4eb8ef8ca2a7f2166287b40ecee160d3ae6c161
2025-06-24T11:34:40.862102+00:00,51.41811283333333,4.1041955,149.98,FALSE,0.1,1.0,Compliant,MSC NORA,1cea1fa52ed8e4f58bdcaed88354984dbe2229b732976c7cde5b1657681db658
2025-06-24T11:44:40.865404+00:00,51.29870233333333,4.214599833333334,150.01,FALSE,0.1,1.0,Compliant,MSC NORA,f7f3737e73765c40619940081e137e717c93cbf36c19e8a0919e6b877d66618a
2025-06-24T11:54:41.856627+00:00,51.179067833333335,4.324923833333333,149.99,FALSE,0.1,1.0,Compliant,MSC NORA,bef25a3876c23a483e6f9320df328a452c63e90803d59f3a338ba5ee88605080
2025-06-24T12:04:42.634672+00:00,52.39293816666667,3.8195355,24.99,TRUE,0.1,1.0,Compliant,MSC NORA,7d8e32a987d79784eb6c12fea91ba09b2336864786a95fcd2a1e8500f45eceac
2025-06-24T12:14:42.635726+00:00,52.517574833333335,3.9149095000000003,24.99,TRUE,0.1,1.0,Compliant,MSC NORA,2eb654d4ee74e523073e3a672abd095adfa0d27d1b42ac4332894d355e91660e
2025-06-24T12:24:43.637209+00:00,52.642294166666666,4.010618,25.0,TRUE,0.1,1.0,Compliant,MSC NORA,5c0b32a6bb9a2ed1435e933a6f9c605c79657b26957812708bee7e1457dae618
2025-06-24T12:34:44.636032+00:00,52.76708683333333,4.1066563333333335,25.0,TRUE,0.1,1.0,Compliant,MSC NORA,44c346ad4ba596982ae1c0610cffb84809e85ef7706493b13817915b893ac9d5
2025-06-24T12:44:45.640013+00:00,52.891860333333334,4.202955333333334,24.97,TRUE,0.1,1.0,Compliant,MSC NORA,a10080f3d8a75b197ab60f540f159cb0ae69affe2b554b9773d93391acc6424e
2025-06-24T12:53:36.780332+00:00,53.001712166666664,4.287967833333333,0.0,FALSE,0.1,0.9,Compliant,MSC NORA,d485dada0e0e55317dbdfa15efeefaae1f722c5599dbd5b6c6fd060f4c5aedd7
2025-06-24T13:03:37.638284+00:00,53.12700683333333,4.385195666666666,25.01,FALSE,0.1,0.9,Compliant,MSC NORA,bdc21f441aa3cea305032df87b5b760253120c031aa91709730e384866d313f8
2025-06-24T13:13:38.637327+00:00,53.2518995,4.4823941666666665,24.99,FALSE,0.1,0.9,Compliant,MSC NORA,7b8c18a61f6f65b8eb2d35e7e96c6def08513d61f4cef22a7b9c21818a100bbc
2025-06-24T13:23:39.635000+00:00,53.37675516666667,4.579847666666667,24.98,FALSE,0.1,0.9,Compliant,MSC NORA,3d7e64bcbb11555f7f4c88c364840bef7fe536ca35881fb15c42c58103b225ad
2025-06-24T13:33:40.626079+00:00,53.501605833333336,4.677583666666667,25.01,FALSE,0.1,0.9,Compliant,MSC NORA,6993b81f8bc9d586de74dd9cb66d0fef8f6059e31f496602863fe6c758a81a40
2025-06-24T13:43:40.636758+00:00,53.62623133333334,4.775430666666667,25.0,FALSE,0.1,0.9,Compliant,MSC NORA,85940182a3cf62cd2e27c9d44d0d877e6467b9902780896b1506c85b779c32d3
2025-06-24T13:53:41.637635+00:00,53.75101083333333,4.873688666666666,25.01,FALSE,0.1,0.9,Compliant,MSC NORA,019859562a2cf533aaa17f893d69fa9f61044c8df4de4338971d0b43ba220235
2025-06-24T14:03:42.636157+00:00,53.87578533333333,4.972234833333333,25.0,FALSE,0.1,0.9,Compliant,MSC NORA,433e1e7e222134cc85fdfb1877f9cebdcf9f652568daba2746394bdc9ff82404
2025-06-24T14:13:43.634132+00:00,54.000626,5.071128,24.99,FALSE,0.1,0.9,Compliant,MSC NORA,2d72b4030976365087f3e087bbc1f4cf3aead39cb7fc69bb121d479a46308701
2025-06-24T14:23:44.628666+00:00,54.1254975,5.1703426666666665,24.99,FALSE,0.1,0.9,Compliant,MSC NORA,ee56d1b29e3bfa82cc8da1c22014a9e2ef513619f26f3b7657ed4767856dd4fa
2025-06-24T14:33:44.635833+00:00,54.250166,5.269695,25.02,FALSE,0.1,0.9,Compliant,MSC NORA,9be44adf98804a6652c8b4b0d618f2aa47e2809f0f2fe2d6062d6ff38f08eb34
2025-06-24T14:43:45.635023+00:00,54.375044833333334,5.369516333333333,25.01,FALSE,0.1,0.9,Compliant,MSC NORA,7ca3211197c5d13c75240ef416223c0b49ffbe52234d4c5f51651d9b08115a4e
2025-06-24T14:53:46.625827+00:00,54.49992183333333,5.469640166666666,25.0,FALSE,0.1,0.9,Compliant,MSC NORA,934481d416810eaaa3743be5bc45f0e14c5da9657f409bcc7718434dae02620f
2025-06-24T15:03:46.628602+00:00,54.62458866666667,5.569901333333333,25.02,FALSE,0.1,0.9,Compliant,MSC NORA,bd96c7508bc1a295fba3500ca30632a544fd2c19b25f261b753c3a8b41ba6bc5
2025-06-24T15:13:46.651155+00:00,54.74926216666667,5.670475333333333,25.0,FALSE,0.1,0.9,Compliant,MSC NORA,7083c92f620e7e7e5b49eeed40e6fedbd1edfcf55d5defecd07cbd50484e4b85
2025-06-24T15:23:46.651667+00:00,54.873935333333336,5.7713595,25.02,FALSE,0.1,0.9,Compliant,MSC NORA,630b4ee4fed8754dc061c67794bfd603715c958409680a68c86d21f1b51763f6
2025-06-24T15:33:46.670872+00:00,54.99860816666666,5.872555666666667,24.99,FALSE,0.1,0.9,Compliant,MSC NORA,567d4a70a60a5906923a1e4d43c5cdc9fe89d5e2305ea8efd0c8bb1ff221e681
2025-06-24T15:43:46.680358+00:00,55.123278166666665,5.9740645,24.99,FALSE,0.1,0.9,Compliant,MSC NORA,67fe8d45e285456ac39cac8c4525275b00848e8afc4d1540c589e959da677967
2025-06-24T15:53:46.685797+00:00,55.247948,6.075890666666667,24.99,FALSE,0.1,0.9,Compliant,MSC NORA,369c596da0193c91fc7cb02dc790c3447881abb350aac0380afd4ded9b4d78ea
2025-06-24T16:03:47.690827+00:00,55.372822166666666,6.178204333333333,24.99,FALSE,0.1,0.9,Compliant,MSC NORA,2a9aa32f1fa5fcbfadf7fad87c0ac0953f13bf8c19e5939d5469a3626f3a2521
2025-06-24T16:13:48.692805+00:00,55.497696,6.280841166666667,24.99,FALSE,0.1,0.9,Compliant,MSC NORA,f0b1f8d60e066bd1e88e504ce1fc8ad34bf0c6e04777c34a4db362fe668b28bd
2025-06-24T16:23:49.697522+00:00,55.62257916666667,6.383811833333334,25.0,FALSE,0.1,0.9,Compliant,MSC NORA,6d41a974753ee8082c4e33412000ede172c484c7efbb1f2ea9941804529a4cc6
2025-06-24T16:33:49.699489+00:00,55.747255333333335,6.486939333333333,24.99,FALSE,0.1,0.9,Compliant,MSC NORA,7135029bdbd35a04df43c0c3b7e37de1814352ea26f7dd9b06299167db70e8b0
2025-06-24T16:43:50.700586+00:00,55.87213066666666,6.590562666666667,25.01,FALSE,0.1,0.9,Compliant,MSC NORA,cb2c93a859278524cc139284519377c48eb3fb0d05d47e24f71832b0fa8bb614
2025-06-24T16:53:50.707958+00:00,55.996799,6.694346833333333,24.98,FALSE,0.1,0.9,Compliant,MSC NORA,1efa3cef08a9f4e425b705b75e513475280776a853e112e126c56231bacc792f
2025-06-24T17:03:51.709327+00:00,56.1216735,6.798639,24.99,FALSE,0.1,0.9,Compliant,MSC NORA,5868dd82e76ecca6b13a7c1f11b1972c77e75615129a365a87ee6bf5ba72ec7e
2025-06-24T17:13:51.706934+00:00,56.246345833333336,6.9031005,24.99,FALSE,0.1,0.9,Compliant,MSC NORA,7e63319117f572c3968e3a09104754016ec76855edc797cb24da302325d68c33
2025-06-24T17:23:52.699696+00:00,56.37123033333334,7.0080815,25.01,FALSE,0.1,0.9,Compliant,MSC NORA,575638f677379bf0c956d70230660efc98169e0fc1c5a3c4e33c72424d3a6909
2025-06-24T17:33:52.712548+00:00,56.49590333333333,7.113228333333334,25.0,FALSE,0.1,0.9,Compliant,MSC NORA,847488e093ea1ad40de9795d7b205671f755c4bbfc676564c9d6b3ea642119b5
2025-06-24T17:43:52.714628+00:00,56.620571,7.218716833333334,25.01,FALSE,0.1,0.9,Compliant,MSC NORA,727e6e05eeceadabb932976931091e147e26e65377f639516421a5ac235f3faf
2025-06-24T17:53:52.717085+00:00,56.745244666666665,7.324559333333333,25.0,FALSE,0.1,0.9,Compliant,MSC NORA,5fc2359eb6a3917fbd01bfb4e89581244782f0596d4c109ec2d81d9bc59ac3bc
2025-06-24T18:03:53.708197+00:00,56.87012683333333,7.430931666666667,25.01,FALSE,0.1,0.9,Compliant,MSC NORA,8eef6d5311f842cb76985e3d596a54bfc9c7cd2bb9ad1b1fb5b5a96fc40a84b6
2025-06-24T18:13:54.719736+00:00,56.99501566666667,7.537665333333333,25.0,FALSE,0.1,0.9,Compliant,MSC NORA,16429e04e244cb35a0fce8693e8597eca49c9f20843c77bee6808071a3bbf96d
2025-06-24T18:23:55.710419+00:00,57.119887166666665,7.644743,24.99,FALSE,0.1,0.9,Compliant,MSC NORA,f4ad19a3be5e3e559c661adc7ed199ab036321ab72f799cd33a287003a26a84e
2025-06-24T18:33:55.710464+00:00,57.244572,7.7520215,25.01,FALSE,0.1,0.9,Compliant,MSC NORA,b349404aa49a94e35fa340346e0f530669bbf3abae4fb79447bf539df733a75f
2025-06-24T18:43:56.706605+00:00,57.36945133333333,7.8598315,24.99,FALSE,0.1,0.9,Compliant,MSC NORA,f2813c891609631119806e159f059e8258a8ba654e2c580605b29784ba1b5438
2025-06-24T18:53:56.726395+00:00,57.494126666666666,7.967832333333334,25.02,FALSE,0.1,0.9,Compliant,MSC NORA,88b308313be00efcc9daca8a7da299df8dec99f33641139b2a178cb5204f0a21
2025-06-24T19:03:57.733895+00:00,57.6190105,8.076384,25.01,FALSE,0.1,0.9,Compliant,MSC NORA,338954df7a297991f4dddbd21ba45ca31fd5bd14b77f328b6422f2ad57097931
2025-06-24T19:13:58.709400+00:00,57.74388116666667,8.185297833333333,25.01,FALSE,0.1,0.9,Compliant,MSC NORA,13d47bcd68c137adca353a9ace44011642679ff8c639af8de58a8633e034d6ac
2025-06-24T19:23:58.711395+00:00,57.86855466666667,8.294415666666668,25.0,FALSE,0.1,0.9,Compliant,MSC NORA,99faf04f1c29b3340f024a8f3f25e2e5ff032f3ba7550fd6a0415cf246c0741f
2025-06-24T19:33:58.712192+00:00,57.993335,8.404006333333333,25.01,FALSE,0.1,0.9,Compliant,MSC NORA,f1fbe9e2b2e79611ec614367824720c5a54212215145784d479f9d0eca1aaf7e
2025-06-24T19:43:58.721009+00:00,58.11814616666667,8.5140065,25.0,FALSE,0.1,0.9,Compliant,MSC NORA,d28b782426709e343121c31797f0c7068e06323708d59a6c4d9ffc083abd7d22
2025-06-24T19:53:58.739635+00:00,58.24282133333333,8.624272166666668,24.99,FALSE,0.1,0.9,Compliant,MSC NORA,ce34c477b7c0fc384b9c71ae3c626e8a5a6da522deaccaebc4079e98f89b348c
2025-06-24T20:03:58.743119+00:00,58.36749983333333,8.734929166666667,25.02,FALSE,0.1,0.9,Compliant,MSC NORA,d58dd8f8668c51dcda4e603616db113890611fc1831a617e06f859d4631501b0
2025-06-24T20:13:58.753729+00:00,58.492185666666664,8.845984166666666,24.99,FALSE,0.1,0.9,Compliant,MSC NORA,88c23ce6776556b8a73bd1361a8a226f3ed168329c9392dc76d4b9948d6a22a4
2025-06-24T20:23:59.749438+00:00,58.61706733333333,8.957609666666666,25.0,FALSE,0.1,0.9,Compliant,MSC NORA,9f785a6d1b6eff9e4189070882bfdab7c41794198a6be058d22ca69381a2089b
2025-06-24T20:33:59.759132+00:00,58.741741833333336,9.0694485,25.01,FALSE,0.1,0.9,Compliant,MSC NORA,173cb11cb06a9d19164bef55ea02086b8550e79aa1c4e88371fbb5040163a63f
2025-06-24T20:43:59.769099+00:00,58.86642283333333,9.181694833333333,25.01,FALSE,0.1,0.9,Compliant,MSC NORA,968f8536d5749b2c72c073b13ce7e69402d103b40bc60af01518679904758bca
2025-06-24T20:54:00.776504+00:00,58.991310166666665,9.294532833333333,24.99,FALSE,0.1,0.9,Compliant,MSC NORA,ae63e1d0b6996576f0b04ae8bab225d701e5622fab95cb8e7d0e4c972cc86d5d
2025-06-24T21:04:01.763834+00:00,59.116191,9.407775166666667,25.0,FALSE,0.1,0.9,Compliant,MSC NORA,7fba21362e60d316530627501bb800bf40057731ba91c3241f99af28257a72f3
2025-06-24T21:14:01.769974+00:00,59.24087983333333,9.521255666666667,24.99,FALSE,0.1,0.9,Compliant,MSC NORA,61430f9eaf346744ab2c6f8b95fa61b0377a91ce96e2122330f245ab84dcef00
2025-06-24T21:24:02.781083+00:00,59.36576933333333,9.635335833333333,25.01,FALSE,0.1,0.9,Compliant,MSC NORA,63cfdba7bebd12ee2a54f99aedd26a43710b59b86d06ec09c59296f4c09c532d
2025-06-24T21:34:03.773280+00:00,59.49065916666667,9.7498365,25.0,FALSE,0.1,0.9,Compliant,MSC NORA,e3e3939c588346c05538f1f598441912c390841d4dcad1af69da80509ec221c2
2025-06-24T21:44:03.785987+00:00,59.61533983333333,9.864569,25.0,FALSE,0.1,0.9,Compliant,MSC NORA,506ca87a4d5bda09faf1ef2cd4db63e2b8aece049cb8f26232091c5632f3d241
2025-06-24T21:54:04.780725+00:00,59.7402305,9.979922333333333,25.0,FALSE,0.1,0.9,Compliant,MSC NORA,e8bc5716a5c30351f69ad47f07029073c6361aacd3f4f93dd6c54defa2752b9d
2025-06-24T22:04:04.783750+00:00,59.86491383333333,10.095515,25.01,FALSE,0.1,0.9,Compliant,MSC NORA,e74b52448ae85544cf23040ac49f2f69fa324bb5f2e8c617b8b27e3a6755c948
2025-06-24T22:14:05.778476+00:00,59.9898015,10.211732,24.98,FALSE,0.1,0.9,Compliant,MSC NORA,3658c928b8ae67ca69b5e0ad95ebb1695853e7515162ea2895a7aa7ad3d704d7
2025-06-24T22:24:05.782134+00:00,60.1144875,10.3282,25.01,FALSE,0.1,0.9,Compliant,MSC NORA,dffd1a4fa7bbe0a29473fca34e501777e4284ee75d1540d23bf864657b5cbfb6
2025-06-24T22:34:05.792746+00:00,60.2391785,10.4451145,25.0,FALSE,0.1,0.9,Compliant,MSC NORA,d5ac082926f3cd9d9a7c25cca8cbed1a36994725f41936d48337dc0ad7d891f1
2025-06-24T22:44:05.797239+00:00,60.363869333333334,10.5624745,25.0,FALSE,0.1,0.9,Compliant,MSC NORA,b13cf92b512b11cdc758645263018035c999e4bdccf793fc51ff48c4da1693b5
2025-06-24T22:54:06.797270+00:00,60.48875866666667,10.680472333333332,25.0,FALSE,0.1,0.9,Compliant,MSC NORA,170c9b0ee559277024f5caf45e989f6b158e36816d77a85cad7b20ccfe2c3ac0
2025-06-24T23:04:07.798955+00:00,60.613654333333336,10.7989315,24.99,FALSE,0.1,0.9,Compliant,MSC NORA,8928d8f92d9db50854248d4ce1e5c87126da2ade8bc84d593709c4669e89f80d
2025-06-24T23:14:08.793144+00:00,60.738545,10.917845333333334,25.0,FALSE,0.1,0.9,Compliant,MSC NORA,bea53d5a254402dcbbf87511366f8f589ed7f68bf5ad219087b84c2746b92711
2025-06-24T23:24:08.797620+00:00,60.86323733333333,11.037032666666667,25.01,FALSE,0.1,0.9,Compliant,MSC NORA,8e4723ebf208038f1ced092d5f02dcfe9f36dfe681576bfd2932a22e7ff33cdc
2025-06-24T23:34:08.799800+00:00,60.98791966666667,11.156676666666666,25.0,FALSE,0.1,0.9,Compliant,MSC NORA,ab110d60baf3f43862d59bae08ff41152d8196ac1eec597ab1d55b3d80c1224e
2025-06-24T23:44:09.791182+00:00,61.112814,11.2769955,25.0,FALSE,0.1,0.9,Compliant,MSC NORA,62cbe08386b7e29d9b71696f8f2607081077c63c4e5946f9471976f50236347e
2025-06-24T23:54:10.805003+00:00,61.237717,11.397799333333333,25.01,FALSE,0.1,0.9,Compliant,MSC NORA,4c19d6ecd0ea560bd45ebfcab2dad7e334cf2503be646ed414dd2c55cd5f51e8
2025-06-25T00:04:10.805096+00:00,61.36240016666667,11.518869833333333,24.99,FALSE,0.1,0.9,Compliant,MSC NORA,29adcc91b3c6776e96adfd9e92f697ddae5eaaa21ad4dea37621215e7801a670
2025-06-25T00:14:11.796885+00:00,61.487282666666665,11.6406185,25.0,FALSE,0.1,0.9,Compliant,MSC NORA,56d0967a07c697fc3ebef4a73d71bf5c58a7c09e2f472eef412abd80450e62fa
2025-06-25T00:24:11.798914+00:00,61.611962,11.7626575,25.0,FALSE,0.1,0.9,Compliant,MSC NORA,e3b46b55754bd3ec749b4a374cb9576570504129da5aa0be8bc91a371f908e34
2025-06-25T00:34:11.809058+00:00,61.736635,11.8851825,25.0,FALSE,0.1,0.9,Compliant,MSC NORA,813c7a42ab6b545efd60f44be496640fe5335d5b6676efd6c0708a73067d681d
2025-06-25T00:44:11.821647+00:00,61.86130083333333,12.008197333333333,24.99,FALSE,0.1,0.9,Compliant,MSC NORA,124c740133f649de34edc1bd5258957235d506fbe7e45d691a00dc887b32b7a9
2025-06-25T00:54:12.823275+00:00,61.986161,12.131906666666668,25.0,FALSE,0.1,0.9,Compliant,MSC NORA,114db9fad3be8b459f3dc2ca9ac15dbdc56eb20d508805c099751fa9ee8a02a0
2025-06-25T01:04:13.824878+00:00,62.11100733333333,12.256109833333333,24.98,FALSE,0.1,0.9,Compliant,MSC NORA,6a0422144f32f9e7684c39c7b9bb8c58991a194817fe4c54ea38cf39f395e25a
2025-06-25T01:14:13.825890+00:00,62.23561316666667,12.380585,25.01,FALSE,0.1,0.9,Compliant,MSC NORA,132bc263b35d60328a655d0c33cd29a3de01d533f3755119317d5f49fab11b64
2025-06-25T01:24:14.829045+00:00,62.36041316666667,12.505770333333333,25.01,FALSE,0.1,0.9,Compliant,MSC NORA,5f0811b825b7239a5ae9f8285e7ebf2d7b6e52505483d950b01a72557beb498e
2025-06-25T01:34:14.833634+00:00,62.48501516666666,12.631277666666668,25.01,FALSE,0.1,0.9,Compliant,MSC NORA,767dbf276968d964a61466672feab02a42f06c5e76efa7e350a6f1216baaf724
2025-06-25T01:44:14.836365+00:00,62.6096155,12.757308333333333,24.98,FALSE,0.1,0.9,Compliant,MSC NORA,3e91dcb4617457944c36ec525f704c012242b1d8157c8869aedb3e8a127951c6
2025-06-25T01:54:14.837521+00:00,62.73427233333334,12.883926833333334,25.0,FALSE,0.1,0.9,Compliant,MSC NORA,4b3dfdea9dd14ff15f89651c232e2b3c2f97381bed571b3df0e544217166956d
2025-06-25T02:04:15.838370+00:00,62.859489833333335,13.011654,25.01,FALSE,0.1,0.9,Compliant,MSC NORA,9756d0aea92cd460198cb5afc7b00917ec6711782337da753ce7acbd11eb477a
2025-06-25T02:14:16.831673+00:00,62.984716666666664,13.139936333333333,25.01,FALSE,0.1,0.9,Compliant,MSC NORA,fbb37abff5138ab9ea64f4b8d9ddc2546685dcd3e0c8cda1a963dd8cb9915129
2025-06-25T02:24:16.841896+00:00,63.109727166666666,13.268546833333334,25.01,FALSE,0.1,0.9,Compliant,MSC NORA,7fad17b41dd67c83200b2af46d846d808fb51fbd6b42719da1944684a132cbb0
2025-06-25T02:34:17.833268+00:00,63.23494216666667,13.397923666666667,25.01,FALSE,0.1,0.9,Compliant,MSC NORA,14034849a31a4382c0b875194d505e08b773a87f9ba5f85620d2e9c10fa1fff9
2025-06-25T02:44:18.837092+00:00,63.36016433333333,13.5278695,24.99,FALSE,0.1,0.9,Compliant,MSC NORA,2350e097c7ed66488b353d6f0b4d871d8f8af6c508ac21ee421969b5389f4044
2025-06-25T02:54:18.837028+00:00,63.485174666666666,13.6581615,24.98,FALSE,0.1,0.9,Compliant,MSC NORA,1d9134575489de2fcb2bff5b9eac1cedd1ac15f461966cd22ae6431d35688b6a
2025-06-25T03:04:18.841865+00:00,63.610181,13.789020666666667,25.01,FALSE,0.1,0.9,Compliant,MSC NORA,6ef6ed66503a1e2247a85bcf00dde68cbec347b5066203d9c76db697dcc92bf6
2025-06-25T03:14:18.848133+00:00,63.735196333333334,13.920465833333333,25.01,FALSE,0.1,0.9,Compliant,MSC NORA,2963e79a2aaa0a812c66e3341c5a4c71c641b695c21fc0f114d32c42fe348a00
2025-06-25T03:24:18.848882+00:00,63.860202,14.052483166666667,24.99,FALSE,0.1,0.9,Compliant,MSC NORA,eed1eb22a6fe5b8a93d2a7dd55848e1bf63744dafcd7184dddaf8226412e0d92
2025-06-25T03:34:19.840562+00:00,63.98540833333333,14.185302166666666,25.02,FALSE,0.1,0.9,Compliant,MSC NORA,a5c55f6e875383250080297c34f227107f1e3f8e0c6b288c70913fda36d329c1
2025-06-25T03:44:19.843817+00:00,64.11041416666667,14.318503,25.01,FALSE,0.1,0.9,Compliant,MSC NORA,5ea3534c9a2a179bcad89c68d3f32645d77c84ba4fc5a0d51dfa3e735bbe5a00
2025-06-25T03:54:19.847649+00:00,64.2354145,14.452298166666667,25.02,FALSE,0.1,0.9,Compliant,MSC NORA,4db4830b6f5ad7d28f16cc58e2558130c13020be3dc1bd6777f1e717b7fc1101
2025-06-25T04:04:19.856145+00:00,64.360411,14.586695166666667,25.0,FALSE,0.1,0.9,Compliant,MSC NORA,2a64c524dddcc9db501543d29a50d032f3a2beaaf8034dcdfcbde9e235e4f2cc
2025-06-25T04:14:20.848933+00:00,64.48562083333333,14.7219355,24.99,FALSE,0.1,0.9,Compliant,MSC NORA,9f298761c0fae0fa611c48d70a6d4033d17003c1afbfa6f3d030eae63e21bc2b
2025-06-25T04:24:20.854144+00:00,64.610619,14.857566333333333,25.0,FALSE,0.1,0.9,Compliant,MSC NORA,6459518fd3f77dd6bec7c0c9392e55931dd835e2537058d2c22cd00f5fdb1de4
2025-06-25T04:34:20.860720+00:00,64.735614,14.993818666666666,25.0,FALSE,0.1,0.9,Compliant,MSC NORA,6a6f4994a28f6290f09b44764f622e60583739bd16845640f04e8cbac7588ddc
2025-06-25T04:44:21.864434+00:00,64.86081533333333,15.130928666666666,25.01,FALSE,0.1,0.9,Compliant,MSC NORA,2b66ea1ad9f76f9542f59c911b092cb1ba86f4166579b14262b2036970bed813
2025-06-25T04:54:21.876580+00:00,64.98581366666667,15.268454666666667,25.0,FALSE,0.1,0.9,Compliant,MSC NORA,cef6e770c62999210bf4a5e446f473bb9d9c379078fdff1414d14855a55a0a51
2025-06-25T05:04:21.888082+00:00,65.11080733333333,15.40662,25.01,FALSE,0.1,0.9,Compliant,MSC NORA,fa332787d5393fa0270d3a45a53d4a3754769073cf3f69e8eceba958674cc9ec
2025-06-25T05:14:22.883978+00:00,65.23601366666666,15.545673333333333,25.0,FALSE,0.1,0.9,Compliant,MSC NORA,1e65c8c769daef83271fa5570245f50d742fdbad1bf4f0bfa0d3b94dabb7406e
2025-06-25T05:24:22.891234+00:00,65.36100683333333,15.685148666666667,25.0,FALSE,0.1,0.9,Compliant,MSC NORA,ac0ea27448ff0184f5b476786ae2f8411468b96a08cf0f780540ab5483396912
2025-06-25T05:34:22.903023+00:00,65.48599416666667,15.825282333333334,25.01,FALSE,0.1,0.9,Compliant,MSC NORA,944887726a0f77aacaa196b9f8c969c2cb95e15ca810f73307e2732e70a87b60
2025-06-25T05:44:23.901891+00:00,65.6111845,15.966317,25.0,FALSE,0.1,0.9,Compliant,MSC NORA,b2e48059dcd68bddb60f03b0033a103b55156cb1bf1bdbf94502fdc69ab1d06a
2025-06-25T05:54:23.907647+00:00,65.73618666666667,16.107819666666668,25.0,FALSE,0.1,0.9,Compliant,MSC NORA,6e2d8ddaf32a00bafa4d1756c26ed7b7d9b218289c9cb139a13f3aff67c803f7
2025-06-25T05:57:04.535361+00:00,65.76910516666666,16.1451975,0.0,FALSE,0.1,0.9,Compliant,MSC NORA,6283ebeb6366ea81bf8d7246aa49c7e51c0f5cad2bd5725fdd105c0fa3affe92
2025-06-25T06:07:04.910138+00:00,65.89478433333333,16.288341666666668,25.01,FALSE,0.1,0.9,Compliant,MSC NORA,da88101ea4df10126e3c0c671bddb58d8c46be4e2e5357e9ec82df2f89ae2597
2025-06-25T06:17:04.918263+00:00,66.01983716666666,16.431470666666666,25.01,FALSE,0.1,0.9,Compliant,MSC NORA,408f49cc59117187c90e409b0b2f7bed48acb139b99af26d7d24803d6fa1f417
2025-06-25T06:23:42.910776+00:00,66.10258816666666,16.526569833333333,0.0,FALSE,0.1,0.9,Compliant,MSC NORA,3a1c575e2d5cb062aafacd144899b05ace4913a42af0547c4c3562b6510fc6e0
2025-06-25T06:30:44.548951+00:00,66.18584366666667,16.622562,0.0,FALSE,0.1,0.9,Compliant,MSC NORA,023544d7c10e98220e006cf306aa214d849f06b9938af94d1df04c1597720fb3
2025-06-25T06:31:39.671599+00:00,66.19731716666666,16.635815666666666,0.0,FALSE,0.1,0.9,Compliant,MSC NORA,c4b2fcd85aedc215836395d57d7e9012d64c38bbe64077061e72d7b61690529b
2025-06-25T06:34:08.368868+00:00,66.22817133333334,16.671486333333334,0.0,FALSE,0.1,0.9,Compliant,MSC NORA,5fb1a9565e49e5b747f71a19f8314c039feee82c8ad82551a9534e790068be9a
2025-06-25T06:44:09.017433+00:00,66.35364733333333,16.817001333333334,25.0,FALSE,0.1,0.9,Compliant,MSC NORA,7bfe999c8fc764a06009ed50c284f02abcd97883c296f988ffbe4db31bd96b8f
2025-06-25T06:45:27.681238+00:00,66.36990916666667,16.8359135,0.0,FALSE,0.1,0.9,Compliant,MSC NORA,aa94d4501390db231a42ba5d04efc1e6eb5a31c1ad4ac6750c1d6ede77602450
2025-06-25T06:48:07.944803+00:00,66.40304966666666,16.874493166666667,0.0,FALSE,0.1,0.9,Compliant,MSC NORA,8aaf99bed42bdc883ac7d35bfa99ac096de206a34fe2ac6d2d7f0d5523e56d6a
2025-06-25T06:58:08.014129+00:00,66.5285125,17.021011833333333,25.0,FALSE,0.1,0.9,Compliant,MSC NORA,58c29afaaac54675db3ed6c04aac5db3650c65399a2f0f8b15b85eff0aa4ad43
2025-06-25T09:08:43.633281+00:00,66.80375083333334,4.376878,0.0,FALSE,0.1,0.9,Compliant,MSC NORA,8337ca3df235ebbb85cbc41c65d0c96331513e22864889a3af57e112641e3bf0
2025-06-25T10:07:34.195104+00:00,68.53117533333334,4.376878,0.0,FALSE,0.231,10.0,Compliant,MSC NORA,c6bdc638ce321bb505a94c8e33d908d01871406f89e53bf9be27283b24521fbb
2025-06-25T10:14:54.300899+00:00,68.56775633333334,4.376878,0.0,FALSE,0.231,10.0,Compliant,MSC NORA,be02917c3aea69a13edf3f1fcd764b71433a9b87a17da7533f5f72443eafb08a
2025-06-25T10:18:15.541753+00:00,68.584427,4.376878,0.0,FALSE,0.231,10.0,Compliant,MSC NORA,55b3190efebafb89bceee21543fb667693a461c105c95f9e0e6f4c1181561b13
2025-06-25T10:20:53.675614+00:00,68.59753483333333,4.376878,0.0,FALSE,0.231,10.0,Compliant,MSC NORA,363ed7f3dce6c79e65de6e76c79202234dffaa9274a0ba5809f8ee7ff01b5f22
2025-06-25T10:38:34.594385+00:00,68.685484,4.376878,0.0,FALSE,0.231,10.0,Compliant,MSC NORA,5467a080e9cdb4cffa4b680bef40d1b6f394e4661938dc494708045935d3c5ab
2025-06-25T10:40:42.290477+00:00,68.69610066666667,4.376878,0.0,FALSE,0.231,10.0,Compliant,MSC NORA,80e163902bfec1b5add4e2cfa8bf09be20fc6751d5ad74999ae3ecb7ad8d05d3
2025-06-25T10:51:56.524478+00:00,68.7519705,4.376878,0.0,FALSE,0.231,10.0,Compliant,MSC NORA,150620446ade09140bd00d9b0408fab60c8a12d0e1f7d48e572b9ed6425cb455
2025-06-25T11:55:17.443521+00:00,69.06704733333333,4.376878,0.0,FALSE,0.231,10.0,Compliant,MSC NORA,5fdff34488748ff2ced9f8651cf74ac98da4e2f1e1aaa7e7ffdd14ee42077a5a
2025-06-25T11:58:17.809011+00:00,69.08204966666666,4.376878,0.0,FALSE,0.231,10.0,Compliant,MSC NORA,5d46c2f56a432459f9cd09839858f6ee6f5ab54a3ff2618fde6a7545e7786c67
2025-06-25T12:00:53.363759+00:00,69.09489433333333,4.376878,0.0,FALSE,0.231,10.0,Compliant,MSC NORA,fea22d369e815d647410c10668a5355ad8cfa200ae60cb8ef3b3974427ba99b1
2025-06-25T12:02:05.250415+00:00,69.1008605,4.376878,0.0,FALSE,0.231,10.0,Compliant,MSC NORA,2befbf0d40c0aea620dfee273b8295ca222590d31016f518861a496f6250e482
2025-06-25T12:04:04.702269+00:00,69.110807,4.376878,0.0,FALSE,0.231,10.0,Compliant,MSC NORA,1cdb3e0e43950144cc14abf08b755e4f7635f9b410f7f2f23fbb7a94cbdddec8
2025-06-25T12:05:07.106445+00:00,69.11594833333334,4.376878,0.0,FALSE,0.231,10.0,Compliant,MSC NORA,340a68a919a30ccdc85ba916274b8da03562b2bcf49284f7da73106fcd201f3b
2025-06-25T12:07:26.969259+00:00,69.1274665,4.376878,0.0,FALSE,0.231,10.0,Compliant,MSC NORA,9d255ac2ef44d8f432f29a2bf0241b1152be7739a16e87d07fb9f6dee45c03f0
2025-06-25T12:11:38.978436+00:00,69.14844433333333,4.376878,0.0,FALSE,0.231,10.0,Compliant,MSC NORA,12065bf8c8782d6f3c786d8e69fdb853d68163da1441773cd8c4b8de071bde33
2025-06-25T12:17:22.606988+00:00,69.17696016666666,4.376878,0.0,FALSE,0.231,10.0,Compliant,MSC NORA,971786f1bf993a549800d88457e436c5dc0309a898325e035528f92541535a05
2025-06-25T12:22:25.054205+00:00,69.20201433333334,4.376878,0.0,FALSE,0.231,10.0,Compliant,MSC NORA,4f24a5b83b7fa17346255c87bac116a4dbb52bce9ab3158cb0c1cd3d45cbcb4d
2025-06-25T12:32:26.049849+00:00,69.25192933333334,4.376878,0.0,FALSE,0.346,15.0,Compliant,MSC NORA,d01370460c9da5a59cc099116828b497f9848f946ca6ccfaba5ce5fcc05c4bc3
